<?xml version="1.0" encoding="UTF-8"?>
<GenRun Id="impl_1" LaunchPart="xc7a100tfgg484-1" LaunchTime="1563325176">
  <File Type="OPT-DCP" Name="minisys_opt.dcp"/>
  <File Type="RUN-CONSTRS" Name="$PDATADIR/runs/impl_1/constrs_in.xml"/>
  <File Type="RUN-SRCS" Name="$PDATADIR/runs/impl_1/sources.xml"/>
  <File Type="ROUTE-DCP" Name="minisys_routed.dcp"/>
  <File Type="PA-TCL" Name="minisys.tcl"/>
  <File Type="RUN-STRAT" Name="$PDATADIR/runs/impl_1/impl_1.psg"/>
  <File Type="OPT-DRC" Name="minisys_drc_opted.rpt"/>
  <File Type="INIT-TIMING" Name="minisys_timing_summary_init.rpt"/>
  <File Type="OPT-TIMING" Name="minisys_timing_summary_opted.rpt"/>
  <File Type="OPT-HWDEF" Name="minisys.hwdef"/>
  <File Type="PWROPT-DCP" Name="minisys_pwropt.dcp"/>
  <File Type="PWROPT-DRC" Name="minisys_drc_pwropted.rpt"/>
  <File Type="PWROPT-TIMING" Name="minisys_timing_summary_pwropted.rpt"/>
  <File Type="PLACE-DCP" Name="minisys_placed.dcp"/>
  <File Type="PLACE-IO" Name="minisys_io_placed.rpt"/>
  <File Type="PLACE-CLK" Name="minisys_clock_utilization_placed.rpt"/>
  <File Type="PLACE-UTIL" Name="minisys_utilization_placed.rpt"/>
  <File Type="PLACE-UTIL-PB" Name="minisys_utilization_placed.pb"/>
  <File Type="PLACE-CTRL" Name="minisys_control_sets_placed.rpt"/>
  <File Type="PLACE-SIMILARITY" Name="minisys_incremental_reuse_placed.rpt"/>
  <File Type="PLACE-PRE-SIMILARITY" Name="minisys_incremental_reuse_pre_placed.rpt"/>
  <File Type="PLACE-TIMING" Name="minisys_timing_summary_placed.rpt"/>
  <File Type="POSTPLACE-PWROPT-DCP" Name="minisys_postplace_pwropt.dcp"/>
  <File Type="POSTPLACE-PWROPT-TIMING" Name="minisys_timing_summary_postplace_pwropted.rpt"/>
  <File Type="PHYSOPT-DCP" Name="minisys_physopt.dcp"/>
  <File Type="RDI-RDI" Name="minisys.vdi"/>
  <File Type="PHYSOPT-DRC" Name="minisys_drc_physopted.rpt"/>
  <File Type="PHYSOPT-TIMING" Name="minisys_timing_summary_physopted.rpt"/>
  <File Type="ROUTE-DRC" Name="minisys_drc_routed.rpt"/>
  <File Type="ROUTE-DRC-PB" Name="minisys_drc_routed.pb"/>
  <File Type="ROUTE-PWR" Name="minisys_power_routed.rpt"/>
  <File Type="ROUTE-PWR-SUM" Name="minisys_power_summary_routed.pb"/>
  <File Type="ROUTE-STATUS" Name="minisys_route_status.rpt"/>
  <File Type="ROUTE-STATUS-PB" Name="minisys_route_status.pb"/>
  <File Type="ROUTE-TIMINGSUMMARY" Name="minisys_timing_summary_routed.rpt"/>
  <File Type="ROUTE-TIMING-PB" Name="minisys_timing_summary_routed.pb"/>
  <File Type="ROUTE-TIMING-RPX" Name="minisys_timing_summary_routed.rpx"/>
  <File Type="ROUTE-SIMILARITY" Name="minisys_incremental_reuse_routed.rpt"/>
  <File Type="ROUTE-CLK" Name="minisys_clock_utilization_routed.rpt"/>
  <File Type="POSTROUTE-PHYSOPT-DCP" Name="minisys_postroute_physopt.dcp"/>
  <File Type="POSTROUTE-PHYSOPT-TIMING" Name="minisys_timing_summary_postroute_physopted.rpt"/>
  <File Type="POSTROUTE-PHYSOPT-TIMING-PB" Name="minisys_timing_summary_postroute_physopted.pb"/>
  <File Type="POSTROUTE-PHYSOPT-TIMING-RPX" Name="minisys_timing_summary_postroute_physopted.rpx"/>
  <File Type="BG-BIT" Name="minisys.bit"/>
  <File Type="BG-BIN" Name="minisys.bin"/>
  <File Type="BITSTR-MSK" Name="minisys.msk"/>
  <File Type="BITSTR-RBT" Name="minisys.rbt"/>
  <File Type="BITSTR-NKY" Name="minisys.nky"/>
  <File Type="BITSTR-BMM" Name="minisys_bd.bmm"/>
  <File Type="BITSTR-MMI" Name="minisys.mmi"/>
  <File Type="BITSTR-SYSDEF" Name="minisys.sysdef"/>
  <File Type="BG-BGN" Name="minisys.bgn"/>
  <File Type="BG-DRC" Name="minisys.drc"/>
  <File Type="WBT-USG" Name="usage_statistics_webtalk.html"/>
  <FileSet Name="sources" Type="DesignSrcs" RelSrcDir="$PSRCDIR/sources_1">
    <Filter Type="Srcs"/>
    <File Path="$PSRCDIR/sources_1/new/digital_tube.v">
      <FileInfo>
        <Attr Name="UsedIn" Val="synthesis"/>
        <Attr Name="UsedIn" Val="implementation"/>
        <Attr Name="UsedIn" Val="simulation"/>
      </FileInfo>
    </File>
    <File Path="$PSRCDIR/sources_1/imports/minisys2.0/switchs.v">
      <FileInfo>
        <Attr Name="ImportPath" Val="$PPRDIR/../../../Classfiles/minisys/classfiles/minisys2.0/switchs.v"/>
        <Attr Name="ImportTime" Val="1517212939"/>
        <Attr Name="UsedIn" Val="synthesis"/>
        <Attr Name="UsedIn" Val="implementation"/>
        <Attr Name="UsedIn" Val="simulation"/>
      </FileInfo>
    </File>
    <File Path="$PSRCDIR/sources_1/imports/minisys2.0/leds.v">
      <FileInfo>
        <Attr Name="ImportPath" Val="$PPRDIR/../../../Classfiles/minisys/classfiles/minisys2.0/leds.v"/>
        <Attr Name="ImportTime" Val="1517212939"/>
        <Attr Name="UsedIn" Val="synthesis"/>
        <Attr Name="UsedIn" Val="implementation"/>
        <Attr Name="UsedIn" Val="simulation"/>
      </FileInfo>
    </File>
    <File Path="$PSRCDIR/sources_1/imports/minisys2.0/executs32.v">
      <FileInfo>
        <Attr Name="ImportPath" Val="$PPRDIR/../../../Classfiles/minisys/classfiles/minisys2.0/executs32.v"/>
        <Attr Name="ImportTime" Val="1517212938"/>
        <Attr Name="UsedIn" Val="synthesis"/>
        <Attr Name="UsedIn" Val="implementation"/>
        <Attr Name="UsedIn" Val="simulation"/>
      </FileInfo>
    </File>
    <File Path="$PSRCDIR/sources_1/imports/minisys2.0/ifetc32.v">
      <FileInfo>
        <Attr Name="ImportPath" Val="$PPRDIR/../../../Classfiles/minisys/classfiles/minisys2.0/ifetc32.v"/>
        <Attr Name="ImportTime" Val="1517213054"/>
        <Attr Name="UsedIn" Val="synthesis"/>
        <Attr Name="UsedIn" Val="implementation"/>
        <Attr Name="UsedIn" Val="simulation"/>
      </FileInfo>
    </File>
    <File Path="$PSRCDIR/sources_1/imports/minisys2.0/memorio.v">
      <FileInfo>
        <Attr Name="ImportPath" Val="$PPRDIR/../../../Classfiles/minisys/classfiles/minisys2.0/memorio.v"/>
        <Attr Name="ImportTime" Val="1517212939"/>
        <Attr Name="UsedIn" Val="synthesis"/>
        <Attr Name="UsedIn" Val="implementation"/>
        <Attr Name="UsedIn" Val="simulation"/>
      </FileInfo>
    </File>
    <File Path="$PSRCDIR/sources_1/imports/minisys2.0/ioread.v">
      <FileInfo>
        <Attr Name="ImportPath" Val="$PPRDIR/../../../Classfiles/minisys/classfiles/minisys2.0/ioread.v"/>
        <Attr Name="ImportTime" Val="1517212939"/>
        <Attr Name="UsedIn" Val="synthesis"/>
        <Attr Name="UsedIn" Val="implementation"/>
        <Attr Name="UsedIn" Val="simulation"/>
      </FileInfo>
    </File>
    <File Path="$PSRCDIR/sources_1/imports/minisys2.0/control32.v">
      <FileInfo>
        <Attr Name="ImportPath" Val="$PPRDIR/../../../Classfiles/minisys/classfiles/minisys2.0/control32.v"/>
        <Attr Name="ImportTime" Val="1517213054"/>
        <Attr Name="UsedIn" Val="synthesis"/>
        <Attr Name="UsedIn" Val="implementation"/>
        <Attr Name="UsedIn" Val="simulation"/>
      </FileInfo>
    </File>
    <File Path="$PSRCDIR/sources_1/imports/minisys2.0/idecode32.v">
      <FileInfo>
        <Attr Name="ImportPath" Val="$PPRDIR/../../../Classfiles/minisys/classfiles/minisys2.0/idecode32.v"/>
        <Attr Name="ImportTime" Val="1517212938"/>
        <Attr Name="UsedIn" Val="synthesis"/>
        <Attr Name="UsedIn" Val="implementation"/>
        <Attr Name="UsedIn" Val="simulation"/>
      </FileInfo>
    </File>
    <File Path="$PSRCDIR/sources_1/imports/minisys2.0/dmemory32.v">
      <FileInfo>
        <Attr Name="ImportPath" Val="$PPRDIR/../../../Classfiles/minisys/classfiles/minisys2.0/dmemory32.v"/>
        <Attr Name="ImportTime" Val="1517213054"/>
        <Attr Name="UsedIn" Val="synthesis"/>
        <Attr Name="UsedIn" Val="implementation"/>
        <Attr Name="UsedIn" Val="simulation"/>
      </FileInfo>
    </File>
    <File Path="$PSRCDIR/sources_1/imports/minisys2.0/minisys.v">
      <FileInfo>
        <Attr Name="ImportPath" Val="$PPRDIR/../../../Classfiles/minisys/classfiles/minisys2.0/minisys.v"/>
        <Attr Name="ImportTime" Val="1517213054"/>
        <Attr Name="UsedIn" Val="synthesis"/>
        <Attr Name="UsedIn" Val="implementation"/>
        <Attr Name="UsedIn" Val="simulation"/>
      </FileInfo>
    </File>
    <File Path="$PSRCDIR/sources_1/ip/prgrom/prgmip32.coe">
      <FileInfo>
        <Attr Name="UsedIn" Val="synthesis"/>
        <Attr Name="UsedIn" Val="simulation"/>
      </FileInfo>
    </File>
    <File Path="$PSRCDIR/sources_1/ip/ram/dmem32.coe">
      <FileInfo>
        <Attr Name="UsedIn" Val="synthesis"/>
        <Attr Name="UsedIn" Val="simulation"/>
      </FileInfo>
    </File>
    <File Path="$PSRCDIR/sources_1/bd/design_1/design_1.bd">
      <FileInfo>
        <Attr Name="AutoDisabled" Val="1"/>
        <Attr Name="UsedIn" Val="synthesis"/>
        <Attr Name="UsedIn" Val="implementation"/>
        <Attr Name="UsedIn" Val="simulation"/>
      </FileInfo>
    </File>
    <Config>
      <Option Name="DesignMode" Val="RTL"/>
      <Option Name="TopModule" Val="minisys"/>
      <Option Name="TopAutoSet" Val="TRUE"/>
    </Config>
  </FileSet>
  <FileSet Name="constrs_in" Type="Constrs" RelSrcDir="$PSRCDIR/constrs_1">
    <Filter Type="Constrs"/>
    <File Path="$PSRCDIR/constrs_1/imports/xdc/minisys.xdc">
      <FileInfo>
        <Attr Name="ImportPath" Val="$PPRDIR/../../../Classfiles/minisys/classfiles/minisys2.0/xdc/minisys.xdc"/>
        <Attr Name="ImportTime" Val="1517213056"/>
        <Attr Name="UsedIn" Val="synthesis"/>
        <Attr Name="UsedIn" Val="implementation"/>
      </FileInfo>
    </File>
    <File Path="$PSRCDIR/constrs_1/new/minisys_newport.xdc">
      <FileInfo>
        <Attr Name="UsedIn" Val="synthesis"/>
        <Attr Name="UsedIn" Val="implementation"/>
      </FileInfo>
    </File>
    <Config>
      <Option Name="TargetConstrsFile" Val="$PSRCDIR/constrs_1/new/minisys_newport.xdc"/>
      <Option Name="ConstrsType" Val="XDC"/>
    </Config>
  </FileSet>
  <Strategy Version="1" Minor="2">
    <StratHandle Name="Vivado Implementation Defaults" Flow="Vivado Implementation 2015"/>
    <Step Id="init_design"/>
    <Step Id="opt_design"/>
    <Step Id="power_opt_design"/>
    <Step Id="place_design"/>
    <Step Id="post_place_power_opt_design"/>
    <Step Id="phys_opt_design"/>
    <Step Id="route_design"/>
    <Step Id="post_route_phys_opt_design"/>
    <Step Id="write_bitstream"/>
  </Strategy>
  <BlockFileSet Type="BlockSrcs" Name="cpuclk"/>
  <BlockFileSet Type="BlockSrcs" Name="prgrom"/>
  <BlockFileSet Type="BlockSrcs" Name="ram"/>
</GenRun>
