<?xml version="1.0" encoding="UTF-8"?>
<GenRun Id="synth_1" LaunchPart="xc7a100tfgg484-1" LaunchTime="1563325032">
  <File Type="RDS-DCP" Name="minisys.dcp"/>
  <File Type="RUN-CONSTRS" Name="$PDATADIR/runs/synth_1/constrs_in.xml"/>
  <File Type="RDS-UTIL-PB" Name="minisys_utilization_synth.pb"/>
  <File Type="RUN-SRCS" Name="$PDATADIR/runs/synth_1/sources.xml"/>
  <File Type="RDS-PROPCONSTRS" Name="minisys_drc_synth.rpt"/>
  <File Type="PA-TCL" Name="minisys.tcl"/>
  <File Type="RUN-STRAT" Name="$PDATADIR/runs/synth_1/synth_1.psg"/>
  <File Type="RDS-RDS" Name="minisys.vds"/>
  <File Type="RDS-UTIL" Name="minisys_utilization_synth.rpt"/>
  <File Type="VDS-TIMINGSUMMARY" Name="minisys_timing_summary_synth.rpt"/>
  <File Type="VDS-TIMING-PB" Name="minisys_timing_summary_synth.pb"/>
  <FileSet Name="sources" Type="DesignSrcs" RelSrcDir="$PSRCDIR/sources_1">
    <Filter Type="Srcs"/>
    <File Path="$PSRCDIR/sources_1/new/digital_tube.v">
      <FileInfo>
        <Attr Name="UsedIn" Val="synthesis"/>
        <Attr Name="UsedIn" Val="implementation"/>
        <Attr Name="UsedIn" Val="simulation"/>
      </FileInfo>
    </File>
    <File Path="$PSRCDIR/sources_1/imports/minisys2.0/switchs.v">
      <FileInfo>
        <Attr Name="ImportPath" Val="$PPRDIR/../../../Classfiles/minisys/classfiles/minisys2.0/switchs.v"/>
        <Attr Name="ImportTime" Val="1517212939"/>
        <Attr Name="UsedIn" Val="synthesis"/>
        <Attr Name="UsedIn" Val="implementation"/>
        <Attr Name="UsedIn" Val="simulation"/>
      </FileInfo>
    </File>
    <File Path="$PSRCDIR/sources_1/imports/minisys2.0/leds.v">
      <FileInfo>
        <Attr Name="ImportPath" Val="$PPRDIR/../../../Classfiles/minisys/classfiles/minisys2.0/leds.v"/>
        <Attr Name="ImportTime" Val="1517212939"/>
        <Attr Name="UsedIn" Val="synthesis"/>
        <Attr Name="UsedIn" Val="implementation"/>
        <Attr Name="UsedIn" Val="simulation"/>
      </FileInfo>
    </File>
    <File Path="$PSRCDIR/sources_1/imports/minisys2.0/executs32.v">
      <FileInfo>
        <Attr Name="ImportPath" Val="$PPRDIR/../../../Classfiles/minisys/classfiles/minisys2.0/executs32.v"/>
        <Attr Name="ImportTime" Val="1517212938"/>
        <Attr Name="UsedIn" Val="synthesis"/>
        <Attr Name="UsedIn" Val="implementation"/>
        <Attr Name="UsedIn" Val="simulation"/>
      </FileInfo>
    </File>
    <File Path="$PSRCDIR/sources_1/imports/minisys2.0/ifetc32.v">
      <FileInfo>
        <Attr Name="ImportPath" Val="$PPRDIR/../../../Classfiles/minisys/classfiles/minisys2.0/ifetc32.v"/>
        <Attr Name="ImportTime" Val="1517213054"/>
        <Attr Name="UsedIn" Val="synthesis"/>
        <Attr Name="UsedIn" Val="implementation"/>
        <Attr Name="UsedIn" Val="simulation"/>
      </FileInfo>
    </File>
    <File Path="$PSRCDIR/sources_1/imports/minisys2.0/memorio.v">
      <FileInfo>
        <Attr Name="ImportPath" Val="$PPRDIR/../../../Classfiles/minisys/classfiles/minisys2.0/memorio.v"/>
        <Attr Name="ImportTime" Val="1517212939"/>
        <Attr Name="UsedIn" Val="synthesis"/>
        <Attr Name="UsedIn" Val="implementation"/>
        <Attr Name="UsedIn" Val="simulation"/>
      </FileInfo>
    </File>
    <File Path="$PSRCDIR/sources_1/imports/minisys2.0/ioread.v">
      <FileInfo>
        <Attr Name="ImportPath" Val="$PPRDIR/../../../Classfiles/minisys/classfiles/minisys2.0/ioread.v"/>
        <Attr Name="ImportTime" Val="1517212939"/>
        <Attr Name="UsedIn" Val="synthesis"/>
        <Attr Name="UsedIn" Val="implementation"/>
        <Attr Name="UsedIn" Val="simulation"/>
      </FileInfo>
    </File>
    <File Path="$PSRCDIR/sources_1/imports/minisys2.0/control32.v">
      <FileInfo>
        <Attr Name="ImportPath" Val="$PPRDIR/../../../Classfiles/minisys/classfiles/minisys2.0/control32.v"/>
        <Attr Name="ImportTime" Val="1517213054"/>
        <Attr Name="UsedIn" Val="synthesis"/>
        <Attr Name="UsedIn" Val="implementation"/>
        <Attr Name="UsedIn" Val="simulation"/>
      </FileInfo>
    </File>
    <File Path="$PSRCDIR/sources_1/imports/minisys2.0/idecode32.v">
      <FileInfo>
        <Attr Name="ImportPath" Val="$PPRDIR/../../../Classfiles/minisys/classfiles/minisys2.0/idecode32.v"/>
        <Attr Name="ImportTime" Val="1517212938"/>
        <Attr Name="UsedIn" Val="synthesis"/>
        <Attr Name="UsedIn" Val="implementation"/>
        <Attr Name="UsedIn" Val="simulation"/>
      </FileInfo>
    </File>
    <File Path="$PSRCDIR/sources_1/imports/minisys2.0/dmemory32.v">
      <FileInfo>
        <Attr Name="ImportPath" Val="$PPRDIR/../../../Classfiles/minisys/classfiles/minisys2.0/dmemory32.v"/>
        <Attr Name="ImportTime" Val="1517213054"/>
        <Attr Name="UsedIn" Val="synthesis"/>
        <Attr Name="UsedIn" Val="implementation"/>
        <Attr Name="UsedIn" Val="simulation"/>
      </FileInfo>
    </File>
    <File Path="$PSRCDIR/sources_1/imports/minisys2.0/minisys.v">
      <FileInfo>
        <Attr Name="ImportPath" Val="$PPRDIR/../../../Classfiles/minisys/classfiles/minisys2.0/minisys.v"/>
        <Attr Name="ImportTime" Val="1517213054"/>
        <Attr Name="UsedIn" Val="synthesis"/>
        <Attr Name="UsedIn" Val="implementation"/>
        <Attr Name="UsedIn" Val="simulation"/>
      </FileInfo>
    </File>
    <File Path="$PSRCDIR/sources_1/ip/prgrom/prgmip32.coe">
      <FileInfo>
        <Attr Name="UsedIn" Val="synthesis"/>
        <Attr Name="UsedIn" Val="simulation"/>
      </FileInfo>
    </File>
    <File Path="$PSRCDIR/sources_1/ip/ram/dmem32.coe">
      <FileInfo>
        <Attr Name="UsedIn" Val="synthesis"/>
        <Attr Name="UsedIn" Val="simulation"/>
      </FileInfo>
    </File>
    <File Path="$PSRCDIR/sources_1/bd/design_1/design_1.bd">
      <FileInfo>
        <Attr Name="AutoDisabled" Val="1"/>
        <Attr Name="UsedIn" Val="synthesis"/>
        <Attr Name="UsedIn" Val="implementation"/>
        <Attr Name="UsedIn" Val="simulation"/>
      </FileInfo>
    </File>
    <Config>
      <Option Name="DesignMode" Val="RTL"/>
      <Option Name="TopModule" Val="minisys"/>
      <Option Name="TopAutoSet" Val="TRUE"/>
    </Config>
  </FileSet>
  <FileSet Name="constrs_in" Type="Constrs" RelSrcDir="$PSRCDIR/constrs_1">
    <Filter Type="Constrs"/>
    <File Path="$PSRCDIR/constrs_1/imports/xdc/minisys.xdc">
      <FileInfo>
        <Attr Name="ImportPath" Val="$PPRDIR/../../../Classfiles/minisys/classfiles/minisys2.0/xdc/minisys.xdc"/>
        <Attr Name="ImportTime" Val="1517213056"/>
        <Attr Name="UsedIn" Val="synthesis"/>
        <Attr Name="UsedIn" Val="implementation"/>
      </FileInfo>
    </File>
    <File Path="$PSRCDIR/constrs_1/new/minisys_newport.xdc">
      <FileInfo>
        <Attr Name="UsedIn" Val="synthesis"/>
        <Attr Name="UsedIn" Val="implementation"/>
      </FileInfo>
    </File>
    <Config>
      <Option Name="TargetConstrsFile" Val="$PSRCDIR/constrs_1/new/minisys_newport.xdc"/>
      <Option Name="ConstrsType" Val="XDC"/>
    </Config>
  </FileSet>
  <Strategy Version="1" Minor="2">
    <StratHandle Name="Vivado Synthesis Defaults" Flow="Vivado Synthesis 2015"/>
    <Step Id="synth_design"/>
  </Strategy>
  <BlockFileSet Type="BlockSrcs" Name="cpuclk"/>
  <BlockFileSet Type="BlockSrcs" Name="prgrom"/>
  <BlockFileSet Type="BlockSrcs" Name="ram"/>
</GenRun>
